thomas;pansart@ece.fr;pthomas
alexandre;dejacques@ece.fr;palexandre
lauren;letestu@ece.fr;plauren
admin;admin@gmail.com;admin
blup;blup@ece.fr;blup
blouip;blouip@ece.fr;blouip
